{"cameraMode":{"drawMode":0,"name":"Shaded","section":"Shading Mode"},"sceneLighting":false,"audioPlay":false,"sceneViewState":{"showFog":true,"showMaterialUpdate":true,"showSkybox":false,"showFlares":true,"showImageEffects":true,"showParticleSystems":true},"in2DMode":false,"pivot":{"x":-97.61000061035156,"y":9.889999389648438,"z":-191.17050170898438},"rotation":{"x":-0.09846317768096924,"y":-0.6885747909545898,"z":0.09520930051803589,"w":-0.712116003036499},"size":10.658202171325684,"orthographic":true}