{"cameraMode":{"drawMode":0,"name":"Shaded","section":"Shading Mode"},"sceneLighting":true,"audioPlay":false,"sceneViewState":{"showFog":true,"showMaterialUpdate":true,"showSkybox":false,"showFlares":true,"showImageEffects":true,"showParticleSystems":true},"in2DMode":false,"pivot":{"x":-94.12437438964844,"y":9.797714233398438,"z":-219.50125122070313},"rotation":{"x":-0.007048124447464943,"y":0.6218240261077881,"z":0.005596586503088474,"w":0.783105731010437},"size":45.23531723022461,"orthographic":true}